{"camera_matrix": [[3074.6844231671084, 0.0, 1472.8588813192248], [0.0, 3043.638720734829, 2041.5948245486009], [0.0, 0.0, 1.0]], "dist_coeff": [[0.9760056125751461, -11.119325039193916, 0.011143072298335234, -0.01858731487899428, 48.077169729468736]], "resolution": [3024, 4032]}